VideoID,Topics
1,Technology
2,Art
3,Fitness
4,Art
5,Science
6,Technology
7,Cooking
8,Travel
9,Fitness
10,Comedy
11,Comedy
12,Fitness
13,Cooking
14,Education
15,Music
16,Education
17,Travel
18,Education
19,Science
20,Music
21,Science
22,Fitness
23,Music
24,Music
25,Art
26,Cooking
27,Technology
28,Cooking
29,Comedy
30,Travel
31,Cooking
32,Cooking
33,Art
34,Music
35,Music
36,Travel
37,Fitness
38,Comedy
39,Technology
40,Travel
41,Art
42,Gaming
43,Education
44,Technology
45,Comedy
46,Science
47,Travel
48,Fitness
49,Travel
50,Music
51,Comedy
52,Music
53,Art
54,Music
55,Travel
56,Music
57,Art
58,Gaming
59,Science
60,Gaming
61,Travel
62,Cooking
63,Gaming
64,Technology
65,Art
66,Music
67,Science
68,Education
69,Travel
70,Fitness
71,Art
72,Technology
73,Science
74,Music
75,Fitness
76,Technology
77,Science
78,Gaming
79,Art
80,Science
81,Music
82,Gaming
83,Art
84,Cooking
85,Science
86,Comedy
87,Fitness
88,Music
89,Education
90,Cooking
91,Cooking
92,Science
93,Travel
94,Science
95,Music
96,Gaming
97,Comedy
98,Music
99,Science
100,Comedy
101,Cooking
102,Music
103,Fitness
104,Education
105,Travel
106,Cooking
107,Music
108,Art
109,Comedy
110,Comedy
111,Music
112,Education
113,Comedy
114,Fitness
115,Education
116,Art
117,Fitness
118,Cooking
119,Gaming
120,Comedy
121,Art
122,Comedy
123,Comedy
124,Art
125,Comedy
126,Travel
127,Technology
128,Travel
129,Music
130,Comedy
131,Gaming
132,Fitness
133,Comedy
134,Gaming
135,Fitness
136,Fitness
137,Art
138,Fitness
139,Gaming
140,Art
141,Music
142,Science
143,Education
144,Gaming
145,Technology
146,Music
147,Cooking
148,Cooking
149,Travel
150,Music
151,Technology
152,Science
153,Travel
154,Music
155,Science
156,Science
157,Fitness
158,Fitness
159,Comedy
160,Science
161,Art
162,Travel
163,Cooking
164,Music
165,Cooking
166,Fitness
167,Art
168,Art
169,Music
170,Travel
171,Education
172,Science
173,Science
174,Education
175,Education
176,Cooking
177,Technology
178,Travel
179,Science
180,Technology
181,Science
182,Comedy
183,Cooking
184,Music
185,Technology
186,Gaming
187,Cooking
188,Art
189,Travel
190,Art
191,Education
192,Gaming
193,Comedy
194,Music
195,Fitness
196,Cooking
197,Art
198,Science
199,Science
200,Art
